"Record  Id","Posting Title","Created Time","Job Role","Job Type","Work Experience","Job Sector","Project Type","Job Start Date","Number of Positions","Client Name","Full address line","Contact Name","Source","City","Required Task","Tools"
"44986000001893102","Fire Engineer","25/07/2022 12:32 PM","Fire & Security Engineer","Contract","3 - 5 Years (Intermediate)","Construction","Infrastructure;Motorway Service Areas","25/08/2022","1","External Jobs","Bicester, Oxfordshire","CV Library Jobs","CV Library","Bicester, Oxfordshire","","Tools will be provided"
"44986000001893094","Electrical Supervisor","25/07/2022 12:32 PM","Electrician","Contract","3 - 5 Years (Intermediate)","Construction","Infrastructure;Motorway Service Areas","25/08/2022","1","External Jobs","Milton Keynes, Buckinghamshire","CV Library Jobs","CV Library","Milton Keynes, Buckinghamshire","","Tools will be provided"
"44986000001893086","Electricians","25/07/2022 12:32 PM","Electrician","Contract","3 - 5 Years (Intermediate)","Construction","Infrastructure;Motorway Service Areas","25/08/2022","1","External Jobs","Southampton","CV Library Jobs","CV Library","Southampton","","Tools will be provided"
"44986000001893078","Groundworker","25/07/2022 12:32 PM","Ground Worker","Contract","3 - 5 Years (Intermediate)","Construction","Infrastructure;Motorway Service Areas","25/08/2022","1","External Jobs","Clapham Park","CV Library Jobs","CV Library","Clapham Park","","Tools will be provided"
"44986000001893070","Electrician","25/07/2022 12:32 PM","Electrician","Contract","3 - 5 Years (Intermediate)","Construction","Infrastructure;Motorway Service Areas","25/08/2022","1","External Jobs","Thetford, Norfolk","CV Library Jobs","CV Library","Thetford, Norfolk","","Tools will be provided"
"44986000001893058","Senior Maintenance Officer","25/07/2022 12:32 PM","Maintenance","Contract","3 - 5 Years (Intermediate)","Construction","Infrastructure;Motorway Service Areas","25/08/2022","1","External Jobs","MK41, Clapham Green, Bedford","CV Library Jobs","CV Library","MK41, Clapham Green, Bedford","","Tools will be provided"
"44986000001893054","Landscape Gardener","25/07/2022 12:32 PM","Landscaper","Contract","3 - 5 Years (Intermediate)","Construction","Infrastructure;Motorway Service Areas","01/08/2022","1","External Jobs","Woking, Surrey","CV Library Jobs","CV Library","Woking, Surrey","","Tools will be provided"
"44986000001893046","Carpenters/Joiners","25/07/2022 12:32 PM","Carpenter","Contract","3 - 5 Years (Intermediate)","Construction","Infrastructure;Motorway Service Areas","25/08/2022","1","External Jobs","Windlesham, Surrey","CV Library Jobs","CV Library","Windlesham, Surrey","","Tools will be provided"
"44986000001893036","Carpenters/Joiners","25/07/2022 12:32 PM","Carpenter","Contract","3 - 5 Years (Intermediate)","Construction","Infrastructure;Motorway Service Areas","25/08/2022","1","External Jobs","Norwich, Norfolk","CV Library Jobs","CV Library","Norwich, Norfolk","","Tools will be provided"
"44986000001893028","Carpenters/Joiners","25/07/2022 12:32 PM","Carpenter","Contract","3 - 5 Years (Intermediate)","Construction","Infrastructure;Motorway Service Areas","25/08/2022","1","External Jobs","Basildon, Essex","CV Library Jobs","CV Library","Basildon, Essex","","Tools will be provided"
"44986000001893018","Maintenance Operative","25/07/2022 12:32 PM","Maintenance","Contract","3 - 5 Years (Intermediate)","Construction","Infrastructure;Motorway Service Areas","25/08/2022","1","External Jobs","Wokingham, Berkshire","CV Library Jobs","CV Library","Wokingham, Berkshire","","Tools will be provided"
"44986000001893014","Quantity Surveyor","25/07/2022 12:32 PM","Quantity Surveyor","Contract","3 - 5 Years (Intermediate)","Construction","Infrastructure;Motorway Service Areas","25/08/2022","1","External Jobs","Westminster, London","CV Library Jobs","CV Library","Westminster, London","","Tools will be provided"
"44986000001893004","Electrical Technician","25/07/2022 12:32 PM","Electrician","Contract","3 - 5 Years (Intermediate)","Construction","Infrastructure;Motorway Service Areas","25/08/2022","1","External Jobs","Buckinghamshire, HP10","CV Library Jobs","CV Library","HP10 0DF","","Tools will be provided"
"44986000001891491","Maintenance Plumber","25/07/2022 12:32 PM","Plumber","Contract","3 - 5 Years (Intermediate)","Construction","Infrastructure;Motorway Service Areas","25/08/2022","1","External Jobs","Norwich, Norfolk","CV Library Jobs","CV Library","Norwich, Norfolk","","Tools will be provided"
"44986000001891479","SHEQ Officer","25/07/2022 12:32 PM","Health and Safety Advisor","Contract","3 - 5 Years (Intermediate)","Construction","Infrastructure;Motorway Service Areas","25/08/2022","1","External Jobs","Harlow, Essex","CV Library Jobs","CV Library","Harlow, Essex","","Tools will be provided"
"44986000001891475","Working Electrical Supervisor","25/07/2022 12:32 PM","Electrician","Contract","3 - 5 Years (Intermediate)","Construction","Infrastructure;Motorway Service Areas","25/08/2022","1","External Jobs","Reading, Berkshire","CV Library Jobs","CV Library","Reading, Berkshire","","Tools will be provided"
"44986000001891467","Electrical Engineer","25/07/2022 12:32 PM","Electrician","Contract","3 - 5 Years (Intermediate)","Construction","Infrastructure;Motorway Service Areas","25/08/2022","1","External Jobs","Romsey","CV Library Jobs","CV Library","Romsey","","Tools will be provided"
"44986000001891459","Project Surveyor","25/07/2022 12:32 PM","Project Manager","Contract","3 - 5 Years (Intermediate)","Construction","Infrastructure;Motorway Service Areas","25/08/2022","1","External Jobs","Lewisham, Greater London","CV Library Jobs","CV Library","Lewisham, Greater London","","Tools will be provided"
"44986000001891451","Project Coordinator","25/07/2022 12:32 PM","Project Manager","Contract","3 - 5 Years (Intermediate)","Construction","Infrastructure;Motorway Service Areas","25/08/2022","1","External Jobs","TN23, Ashford, Kent","CV Library Jobs","CV Library","TN23, Ashford, Kent","","Tools will be provided"
"44986000001891439","Multi-Tradesman","25/07/2022 12:32 PM","Multi Tradesman","Contract","3 - 5 Years (Intermediate)","Construction","Infrastructure;Motorway Service Areas","01/08/2022","1","External Jobs","Brentwood","CV Library Jobs","CV Library","Brentwood","","Tools will be provided"
"44986000001891435","Plumber","25/07/2022 12:32 PM","Plumber","Contract","3 - 5 Years (Intermediate)","Construction","Infrastructure;Motorway Service Areas","25/08/2022","1","External Jobs","City of Westminster, Greater London","CV Library Jobs","CV Library","City of Westminster, Greater London","","Tools will be provided"
"44986000001891423","Site Engineer","25/07/2022 12:32 PM","Site Engineer","Contract","3 - 5 Years (Intermediate)","Construction","Infrastructure;Motorway Service Areas","25/08/2022","1","External Jobs","North West London, London","CV Library Jobs","CV Library","North West London, London","","Tools will be provided"
"44986000001891419","Carpenter","25/07/2022 12:32 PM","Carpenter","Contract","3 - 5 Years (Intermediate)","Construction","Infrastructure;Motorway Service Areas","25/08/2022","1","External Jobs","Buckinghamshire, HP10","CV Library Jobs","CV Library","HP10 0DF","","Tools will be provided"
"44986000001891403","Groundworker","25/07/2022 12:32 PM","Ground Worker","Contract","3 - 5 Years (Intermediate)","Construction","Infrastructure;Motorway Service Areas","25/08/2022","1","External Jobs","Woking, Surrey, United Kingdom","CV Library Jobs","CV Library","Woking, Surrey, United Kingdom","","Tools will be provided"
"44986000001891399","Decorator","25/07/2022 12:32 PM","Decorator","Contract","3 - 5 Years (Intermediate)","Construction","Infrastructure;Motorway Service Areas","25/08/2022","1","External Jobs","Woking, Surrey, United Kingdom","CV Library Jobs","CV Library","Woking, Surrey, United Kingdom","","Tools will be provided"
"44986000001891391","Security Guard Operatives","25/07/2022 12:32 PM","Security Officer","Contract","3 - 5 Years (Intermediate)","Construction","Infrastructure;Motorway Service Areas","25/08/2022","1","External Jobs","Elstree Way Borehamwood WD6 1RN","CV Library Jobs","CV Library","WD6 1RN","","Tools will be provided"
"44986000001891383","Multi Tradesman","25/07/2022 12:32 PM","Multi Tradesman","Contract","3 - 5 Years (Intermediate)","Construction","Infrastructure;Motorway Service Areas","25/08/2022","1","External Jobs","Chelmsford, Essex","CV Library Jobs","CV Library","Chelmsford, Essex","","Tools will be provided"
"44986000001891379","Joiner","25/07/2022 12:32 PM","Joiner","Contract","3 - 5 Years (Intermediate)","Construction","Infrastructure;Motorway Service Areas","25/08/2022","1","External Jobs","NW7, Mill Hill, Greater London","CV Library Jobs","CV Library","NW7, Mill Hill, Greater London","","Tools will be provided"
"44986000001891371","Electrician","25/07/2022 12:30 PM","Electrician","Contract","3 - 5 Years (Intermediate)","Construction","Infrastructure;Motorway Service Areas","25/08/2022","1","External Jobs","","CV Library Jobs","CV Library","W6, Hammersmith Broadway, Greater London","","Tools will be provided"
"44986000001891363","Electrician","25/07/2022 12:30 PM","Electrician","Contract","3 - 5 Years (Intermediate)","Construction","Infrastructure;Motorway Service Areas","01/08/2022","1","External Jobs","","CV Library Jobs","CV Library","Milton Keynes, Buckinghamshire","","Tools will be provided"
"44986000001891355","Maintenance Technician","25/07/2022 12:30 PM","Maintenance","Contract","3 - 5 Years (Intermediate)","Construction","Infrastructure;Motorway Service Areas","25/08/2022","1","External Jobs","","CV Library Jobs","CV Library","Basildon, Essex, United Kingdom","","Tools will be provided"
"44986000001891347","Maintenance Plumber","25/07/2022 12:30 PM","Plumber","Contract","3 - 5 Years (Intermediate)","Construction","Infrastructure;Motorway Service Areas","25/08/2022","1","External Jobs","","CV Library Jobs","CV Library","Rochester, Kent","","Tools will be provided"
"44986000001891339","Bench Joiners","25/07/2022 12:30 PM","Joiner","Contract","3 - 5 Years (Intermediate)","Construction","Infrastructure;Motorway Service Areas","25/08/2022","1","External Jobs","","CV Library Jobs","CV Library","Paddock Wood, Kent","","Tools will be provided"
"44986000001891327","Electrical Installation Engineer","25/07/2022 12:30 PM","Engineering Supervisor","Contract","3 - 5 Years (Intermediate)","Construction","Infrastructure;Motorway Service Areas","25/08/2022","1","External Jobs","","CV Library Jobs","CV Library","Wokingham, Berkshire","","Tools will be provided"
"44986000001891319","Works Planner","25/07/2022 12:30 PM","Safe System of Work Planner","Contract","3 - 5 Years (Intermediate)","Construction","Infrastructure;Motorway Service Areas","01/08/2022","1","External Jobs","","CV Library Jobs","CV Library","MK7, Walton, Milton Keynes","","Tools will be provided"
"44986000001891313","Electrical Design Engineer","25/07/2022 12:30 PM","Electrician","Contract","3 - 5 Years (Intermediate)","Construction","Infrastructure;Motorway Service Areas","25/08/2022","1","External Jobs","","CV Library Jobs","CV Library","W1T, Tottenham Court Road, Greater London","","Tools will be provided"
"44986000001891307","Plumber","25/07/2022 12:30 PM","Plumber","Contract","3 - 5 Years (Intermediate)","Construction","Infrastructure;Motorway Service Areas","25/08/2022","1","External Jobs","","CV Library Jobs","CV Library","Fareham, Hampshire, United Kingdom","","Tools will be provided"
"44986000001891299","Carpenter","25/07/2022 12:29 PM","Carpenter","Contract","3 - 5 Years (Intermediate)","Construction","Infrastructure;Motorway Service Areas","25/08/2022","1","External Jobs","","CV Library Jobs","CV Library","Portsmouth, Hampshire, United Kingdom","","Tools will be provided"
"44986000001891291","Carpenter/Plumber","25/07/2022 12:29 PM","Carpenter","Contract","3 - 5 Years (Intermediate)","Construction","Infrastructure;Motorway Service Areas","25/08/2022","1","External Jobs","","CV Library Jobs","CV Library","Portsmouth, Hampshire, United Kingdom","","Tools will be provided"
"44986000001891281","General Labourer","25/07/2022 12:28 PM","General Labourer/ Operative","Contract","3 - 5 Years (Intermediate)","Construction","Infrastructure;Motorway Service Areas","01/08/2022","1","External Jobs","","CV Library Jobs","CV Library","E15 1JG, Cathall, Greater London","","Tools will be provided"
"44986000001891273","Estimator","25/07/2022 12:28 PM","Construction Estimator","Contract","3 - 5 Years (Intermediate)","Construction","Infrastructure;Motorway Service Areas","25/08/2022","1","External Jobs","","CV Library Jobs","CV Library","IP31, Walsham le Willows, Suffolk","","Tools will be provided"
"44986000001891261","Repairs and Maintenance Carpenter","25/07/2022 12:28 PM","Maintenance","Contract","3 - 5 Years (Intermediate)","Construction","Infrastructure;Motorway Service Areas","01/08/2022","1","External Jobs","","CV Library Jobs","CV Library","Bromley, Greater London","","Tools will be provided"
"44986000001891257","Painter","25/07/2022 12:28 PM","Painter & Decorator","Contract","3 - 5 Years (Intermediate)","Construction","Infrastructure;Motorway Service Areas","25/08/2022","1","External Jobs","","CV Library Jobs","CV Library","Woodbridge","","Tools will be provided"
"44986000001891245","CNC Operator","25/07/2022 12:28 PM","Wood Machinist","Contract","3 - 5 Years (Intermediate)","Construction","Infrastructure;Motorway Service Areas","25/08/2022","1","External Jobs","","CV Library Jobs","CV Library","MK3, Bletchley, Milton Keynes","","Tools will be provided"
"44986000001891241","Project Supervisor","25/07/2022 12:28 PM","Project Manager","Contract","3 - 5 Years (Intermediate)","Construction","Infrastructure;Motorway Service Areas","01/08/2022","1","External Jobs","","CV Library Jobs","CV Library","Chatham, Kent","","Tools will be provided"
"44986000001891233","Welder Fabricator","25/07/2022 12:28 PM","Welder","Contract","3 - 5 Years (Intermediate)","Construction","Infrastructure;Motorway Service Areas","25/08/2022","1","External Jobs","","CV Library Jobs","CV Library","CR0 4RR","","Tools will be provided"
"44986000001891225","Multi Trade Builder","25/07/2022 12:26 PM","Multi Tradesman","Contract","3 - 5 Years (Intermediate)","Construction","Infrastructure;Motorway Service Areas","25/08/2022","1","External Jobs","","CV Library Jobs","CV Library","Dartford, Kent","","Tools will be provided"
"44986000001891217","Groundworker","25/07/2022 12:26 PM","Ground Worker","Contract","3 - 5 Years (Intermediate)","Construction","Infrastructure;Motorway Service Areas","01/08/2022","1","External Jobs","","CV Library Jobs","CV Library","IP19, Blythburgh, Suffolk","","Tools will be provided"
"44986000001891209","Wardrobe Fitter","25/07/2022 12:26 PM","Kitchen fitter","Contract","3 - 5 Years (Intermediate)","Construction","Infrastructure;Motorway Service Areas","25/08/2022","1","External Jobs","","CV Library Jobs","CV Library","Bury St Edmunds","","Tools will be provided"
"44986000001891199","Subcontract Buyer","25/07/2022 12:26 PM","Construction Buyer","Contract","3 - 5 Years (Intermediate)","Construction","Infrastructure;Motorway Service Areas","25/08/2022","1","External Jobs","","CV Library Jobs","CV Library","Loughton, Essex","","Tools will be provided"
"44986000001891185","Senior Building Control Project Manager","25/07/2022 12:26 PM","Project Manager","Contract","3 - 5 Years (Intermediate)","Construction","Infrastructure;Motorway Service Areas","25/08/2022","1","External Jobs","","CV Library Jobs","CV Library","Bicester, Oxfordshire","","Tools will be provided"
"44986000001891181","Apprentice Plasterer","25/07/2022 12:26 PM","Plasterer","Contract","3 - 5 Years (Intermediate)","Construction","Infrastructure;Motorway Service Areas","25/08/2022","1","External Jobs","","CV Library Jobs","CV Library","HA4, Manor, Greater London","","Tools will be provided"
"44986000001891177","Apprentice Bricklayer","25/07/2022 12:26 PM","Bricklayer","Contract","3 - 5 Years (Intermediate)","Construction","Infrastructure;Motorway Service Areas","25/08/2022","1","External Jobs","","CV Library Jobs","CV Library","HA4, West Ruislip, Greater London","","Tools will be provided"
"44986000001891165","Window Fitter","25/07/2022 12:26 PM","Window fitter-Glazer","Contract","3 - 5 Years (Intermediate)","Construction","Infrastructure;Motorway Service Areas","25/08/2022","1","External Jobs","","CV Library Jobs","CV Library","Farnborough","","Tools will be provided"
"44986000001891161","Managing Quantity Surveyor","25/07/2022 12:26 PM","Quantity Surveyor","Contract","3 - 5 Years (Intermediate)","Construction","Infrastructure;Motorway Service Areas","25/08/2022","1","External Jobs","","CV Library Jobs","CV Library","Norwich","","Tools will be provided"
"44986000001891153","Associate Electrical Design Engineer","25/07/2022 12:26 PM","Site Engineer","Contract","3 - 5 Years (Intermediate)","Construction","Infrastructure;Motorway Service Areas","25/08/2022","1","External Jobs","","CV Library Jobs","CV Library","RH1, Redhill, Surrey","","Tools will be provided"
"44986000001891145","Maintenance Surveyor","25/07/2022 12:26 PM","Maintenance","Contract","3 - 5 Years (Intermediate)","Construction","Infrastructure;Motorway Service Areas","01/08/2022","1","External Jobs","","CV Library Jobs","CV Library","Maidstone, Kent, United Kingdom","","Tools will be provided"
"44986000001891137","Quantity Surveyor / Estimator","25/07/2022 12:26 PM","Quantity Surveyor","Contract","3 - 5 Years (Intermediate)","Construction","Infrastructure;Motorway Service Areas","25/08/2022","1","External Jobs","","CV Library Jobs","CV Library","Uckfield, East Sussex","","Tools will be provided"
"44986000001891129","Mechanical Design Engineer","25/07/2022 12:26 PM","Mechanical Engineer","Contract","3 - 5 Years (Intermediate)","Construction","Infrastructure;Motorway Service Areas","25/08/2022","1","External Jobs","","CV Library Jobs","CV Library","RH1, Redhill, Surrey","","Tools will be provided"
"44986000001891121","Team Leader","25/07/2022 12:26 PM","Team Leader","Contract","3 - 5 Years (Intermediate)","Construction","Infrastructure;Motorway Service Areas","25/08/2022","1","External Jobs","","CV Library Jobs","CV Library","RG30, Southcote, Reading","","Tools will be provided"
"44986000001891109","Painter & Decorator","25/07/2022 12:24 PM","Painter & Decorator","Contract","3 - 5 Years (Intermediate)","Construction","Infrastructure;Motorway Service Areas","01/08/2022","1","External Jobs","","CV Library Jobs","CV Library","Battersea, Greater London","","Tools will be provided"
"44986000001891101","Electrician","25/07/2022 12:22 PM","Electrician","Contract","3 - 5 Years (Intermediate)","Construction","Infrastructure;Motorway Service Areas","01/08/2022","1","External Jobs","","CV Library Jobs","CV Library","Greenwich, Greater London","","Tools will be provided"
"44986000001891093","Domestic Gas Engineer","25/07/2022 12:22 PM","Gas Engineer","Contract","3 - 5 Years (Intermediate)","Construction","Infrastructure;Motorway Service Areas","25/08/2022","1","External Jobs","","CV Library Jobs","CV Library","Oxford, Oxfordshire","","Tools will be provided"
"44986000001891082","Cleaner Banbury","25/07/2022 12:20 PM","Construction Cleaner","Contract","3 - 5 Years (Intermediate)","Construction","Infrastructure;Motorway Service Areas","25/08/2022","1","External Jobs","","CV Library Jobs","CV Library","OX16, Banbury, Oxfordshire","","Tools will be provided"
"44986000001888986","Gas Heating and Breakdown Technician","25/07/2022 12:32 PM","HVAC Engineer","Contract","3 - 5 Years (Intermediate)","Construction","Infrastructure;Motorway Service Areas","25/08/2022","1","External Jobs","","CV Library Jobs","CV Library","HP10 0DF","","Tools will be provided"
"44986000001888982","Assistant Quantity Surveyor","25/07/2022 12:32 PM","Quantity Surveyor","Contract","3 - 5 Years (Intermediate)","Construction","Infrastructure;Motorway Service Areas","25/08/2022","1","External Jobs","","CV Library Jobs","CV Library","HP5, Latimer, Buckinghamshire","","Tools will be provided"
"44986000001888978","Contracts Manager","25/07/2022 12:32 PM","Contracts Manager","Contract","3 - 5 Years (Intermediate)","Construction","Infrastructure;Motorway Service Areas","25/08/2022","1","External Jobs","","CV Library Jobs","CV Library","Westminster, London","","Tools will be provided"
"44986000001888970","Fire Door Installer/Maintenance, carpenter","25/07/2022 12:32 PM","Fire & Security Engineer","Contract","3 - 5 Years (Intermediate)","Construction","Infrastructure;Motorway Service Areas","01/08/2022","1","External Jobs","","CV Library Jobs","CV Library","Kingston upon Thames, Greater London","","Tools will be provided"
"44986000001888966","Groundworker / Multi-trader","25/07/2022 12:32 PM","Ground Worker","Contract","3 - 5 Years (Intermediate)","Construction","Infrastructure;Motorway Service Areas","25/08/2022","1","External Jobs","","CV Library Jobs","CV Library","Guildford, Surrey","","Tools will be provided"
"44986000001888958","Quantity Surveyor","25/07/2022 12:30 PM","Quantity Surveyor","Contract","3 - 5 Years (Intermediate)","Construction","Infrastructure;Motorway Service Areas","25/08/2022","1","External Jobs","","CV Library Jobs","CV Library","Norwich, Norfolk","","Tools will be provided"
"44986000001888950","Warehouse Operative","25/07/2022 12:30 PM","Warehouse Operative","Contract","3 - 5 Years (Intermediate)","Construction","Infrastructure;Motorway Service Areas","25/08/2022","1","External Jobs","","CV Library Jobs","CV Library","ME1, Borstal, Medway","","Tools will be provided"
"44986000001888942","Senior Maintenance Operative","25/07/2022 12:30 PM","Maintenance","Contract","3 - 5 Years (Intermediate)","Construction","Infrastructure;Motorway Service Areas","25/08/2022","1","External Jobs","","CV Library Jobs","CV Library","Reading, Berkshire","","Tools will be provided"
"44986000001888934","General Labourer","25/07/2022 12:30 PM","Labourer","Contract","3 - 5 Years (Intermediate)","Construction","Infrastructure;Motorway Service Areas","25/08/2022","1","External Jobs","","CV Library Jobs","CV Library","Rainham, London","","Tools will be provided"
"44986000001888920","Senior Health and Safety Manager","25/07/2022 12:30 PM","Health and Safety manager","Contract","3 - 5 Years (Intermediate)","Construction","Infrastructure;Motorway Service Areas","25/08/2022","1","External Jobs","","CV Library Jobs","CV Library","Westminster, London","","Tools will be provided"
"44986000001888918","Wet Room Installer / Bathroom Fitter","25/07/2022 12:30 PM","Bathroom fitter","Contract","3 - 5 Years (Intermediate)","Construction","Infrastructure;Motorway Service Areas","25/08/2022","1","External Jobs","","CV Library Jobs","CV Library","Thetford, Norfolk","","Tools will be provided"
"44986000001888910","Wet Room Installer / Bathroom Fitter","25/07/2022 12:30 PM","Bathroom fitter","Contract","3 - 5 Years (Intermediate)","Construction","Infrastructure;Motorway Service Areas","25/08/2022","1","External Jobs","","CV Library Jobs","CV Library","Dereham, Norfolk","","Tools will be provided"
"44986000001888896","Construction Project Manager","25/07/2022 12:30 PM","Project Manager","Contract","3 - 5 Years (Intermediate)","Construction","Infrastructure;Motorway Service Areas","25/08/2022","1","External Jobs","","CV Library Jobs","CV Library","Norwich, Norfolk","","Tools will be provided"
"44986000001888894","Gas Engineer","25/07/2022 12:30 PM","Gas Engineer","Contract","3 - 5 Years (Intermediate)","Construction","Infrastructure;Motorway Service Areas","25/08/2022","1","External Jobs","","CV Library Jobs","CV Library","Wokingham, Berkshire","","Tools will be provided"
"44986000001888882","Plumber","25/07/2022 12:30 PM","Plumber","Contract","3 - 5 Years (Intermediate)","Construction","Infrastructure;Motorway Service Areas","25/08/2022","1","External Jobs","","CV Library Jobs","CV Library","Portsmouth, Hampshire, United Kingdom","","Tools will be provided"
"44986000001888878","Electrician","25/07/2022 12:30 PM","Electrician","Contract","3 - 5 Years (Intermediate)","Construction","Infrastructure;Motorway Service Areas","25/08/2022","1","External Jobs","","CV Library Jobs","CV Library","Woking, Surrey, United Kingdom","","Tools will be provided"
"44986000001888870","Maintenance Operative","25/07/2022 12:29 PM","Maintenance","Contract","3 - 5 Years (Intermediate)","Construction","Infrastructure;Motorway Service Areas","25/08/2022","1","External Jobs","","CV Library Jobs","CV Library","Gillingham, Kent","","Tools will be provided"
"44986000001888858","Carpenter","25/07/2022 12:29 PM","Carpenter","Contract","3 - 5 Years (Intermediate)","Construction","Infrastructure;Motorway Service Areas","25/08/2022","1","External Jobs","","CV Library Jobs","CV Library","Southampton, Hampshire, United Kingdom","","Tools will be provided"
"44986000001888848","Carpenter / Plumber","25/07/2022 12:29 PM","Carpenter","Contract","3 - 5 Years (Intermediate)","Construction","Infrastructure;Motorway Service Areas","25/08/2022","1","External Jobs","","CV Library Jobs","CV Library","Portsmouth, Hampshire, United Kingdom","","Tools will be provided"
"44986000001888844","Plumber","25/07/2022 12:29 PM","Plumber","Contract","3 - 5 Years (Intermediate)","Construction","Infrastructure;Motorway Service Areas","25/08/2022","1","External Jobs","","CV Library Jobs","CV Library","Woking, Surrey, United Kingdom","","Tools will be provided"
"44986000001888838","Carpenter","25/07/2022 12:29 PM","Carpenter","Contract","3 - 5 Years (Intermediate)","Construction","Infrastructure;Motorway Service Areas","25/08/2022","1","External Jobs","","CV Library Jobs","CV Library","Woking, Surrey, United Kingdom","","Tools will be provided"
"44986000001888830","General Labourer","25/07/2022 12:28 PM","General Labourer/ Operative","Contract","3 - 5 Years (Intermediate)","Construction","Infrastructure;Motorway Service Areas","01/08/2022","1","External Jobs","","CV Library Jobs","CV Library","RH16, Haywards Heath, West Sussex","","Tools will be provided"
"44986000001888816","Cabinet Maker","25/07/2022 12:28 PM","Joiner","Contract","3 - 5 Years (Intermediate)","Construction","Infrastructure;Motorway Service Areas","25/08/2022","1","External Jobs","","CV Library Jobs","CV Library","MK3, Bletchley, Milton Keynes","","Tools will be provided"
"44986000001888814","Class 1 HGV Driver","25/07/2022 12:28 PM","Class 1 HGV Driver","Contract","3 - 5 Years (Intermediate)","Construction","Infrastructure;Motorway Service Areas","25/08/2022","1","External Jobs","","CV Library Jobs","CV Library","BN3 3HA","","Tools will be provided"
"44986000001888802","Project Manager","25/07/2022 12:28 PM","Project Manager","Contract","3 - 5 Years (Intermediate)","Construction","Infrastructure;Motorway Service Areas","01/08/2022","1","External Jobs","","CV Library Jobs","CV Library","Haringey, Greater London","","Tools will be provided"
"44986000001888798","Handyman","25/07/2022 12:28 PM","Handyman","Contract","3 - 5 Years (Intermediate)","Construction","Infrastructure;Motorway Service Areas","01/08/2022","1","External Jobs","","CV Library Jobs","CV Library","CR7 6AW, West Thornton, Greater London","","Tools will be provided"
"44986000001888790","Project Manager","25/07/2022 12:28 PM","Project Manager","Contract","3 - 5 Years (Intermediate)","Construction","Infrastructure;Motorway Service Areas","01/08/2022","1","External Jobs","","CV Library Jobs","CV Library","City of Westminster, Greater London","","Tools will be provided"
"44986000001888782","Electrician","25/07/2022 12:28 PM","Electrician","Contract","3 - 5 Years (Intermediate)","Construction","Infrastructure;Motorway Service Areas","01/08/2022","1","External Jobs","","CV Library Jobs","CV Library","Woking, Surrey","","Tools will be provided"
"44986000001888774","Electrician","25/07/2022 12:26 PM","Electrician","Contract","3 - 5 Years (Intermediate)","Construction","Infrastructure;Motorway Service Areas","25/08/2022","1","External Jobs","","CV Library Jobs","CV Library","KT23, Little Bookham, Surrey","","Tools will be provided"
"44986000001888762","Mechanical Design Engineer","25/07/2022 12:26 PM","Site Engineer","Contract","3 - 5 Years (Intermediate)","Construction","Infrastructure;Motorway Service Areas","25/08/2022","1","External Jobs","","CV Library Jobs","CV Library","EC1M, Farringdon, Greater London","","Tools will be provided"
"44986000001888758","Builders Labourer","25/07/2022 12:26 PM","Labourer","Contract","3 - 5 Years (Intermediate)","Construction","Infrastructure;Motorway Service Areas","01/08/2022","1","External Jobs","","CV Library Jobs","CV Library","N14, New Southgate, Greater London","","Tools will be provided"
"44986000001888750","Estimator","25/07/2022 12:26 PM","Construction Estimator","Contract","3 - 5 Years (Intermediate)","Construction","Infrastructure;Motorway Service Areas","25/08/2022","1","External Jobs","","CV Library Jobs","CV Library","BN7, Swanborough, East Sussex","","Tools will be provided"
"44986000001888742","Joinery Draughtsperson","25/07/2022 12:26 PM","Joiner","Contract","3 - 5 Years (Intermediate)","Construction","Infrastructure;Motorway Service Areas","25/08/2022","1","External Jobs","","CV Library Jobs","CV Library","Sittingbourne, Kent","","Tools will be provided"
"44986000001888732","Workshop / Factory Operations Manager","25/07/2022 12:26 PM","Work Supervisor","Contract","3 - 5 Years (Intermediate)","Construction","Infrastructure;Motorway Service Areas","25/08/2022","1","External Jobs","","CV Library Jobs","CV Library","Sittingbourne, Kent","","Tools will be provided"
"44986000001888718","Project Management Officer","25/07/2022 12:26 PM","Project Manager","Contract","3 - 5 Years (Intermediate)","Construction","Infrastructure;Motorway Service Areas","25/08/2022","1","External Jobs","","CV Library Jobs","CV Library","Abingdon","","Tools will be provided"
"44986000001888714","Electrician","25/07/2022 12:26 PM","Electrician","Contract","3 - 5 Years (Intermediate)","Construction","Infrastructure;Motorway Service Areas","25/08/2022","1","External Jobs","","CV Library Jobs","CV Library","Portsmouth, Hampshire, United Kingdom","","Tools will be provided"
